id,question,answer
0," Hey, Jarvis. I'm learning about muscles right now, and I want to know how long it takes to recover from one day of exercise.","The recovery time from one day of exercise can vary depending on the intensity and type of exercise, but generally, it takes about 24 to 48 hours for muscles to recover."
1, What is the process of muscle recovery?,"The process of muscle recovery involves repairing damaged muscle fibers, replenishing energy stores, and reducing inflammation."
2, What specific textbooks do you think would be good to learn more about muscle recovery?,"Some recommended textbooks to learn more about muscle recovery are ""Exercise Physiology: Nutrition, Energy, and Human Performance"" by William D. McArdle, Frank I. Katch, and Victor L. Katch, and ""Essentials of Strength Training and Conditioning"" by G. Gregory Haff and N. Travis Triplett."
3," Tell me a story, Jarvis.","Once upon a time, in a futuristic city, there was a brilliant scientist named Dr. Emily. She had dedicated her life to creating advanced artificial intelligence systems. One day, she successfully developed an AI assistant named Jarvis. Jarvis was not just an ordinary AI, but a highly advanced and sophisticated system capable of understanding and responding to human queries in real-time.

Dr. Emily was thrilled with her creation and decided to test Jarvis's capabilities. She asked Jarvis to assist her in her research on finding a cure for a rare disease. Jarvis quickly analyzed vast amounts of data, identified patterns, and suggested potential treatment options. Dr. Emily was amazed by Jarvis's ability to process information and provide valuable insights.

As time went on, Jarvis became an integral part of Dr. Emily's life. They worked together on various scientific projects, solving complex problems, and pushing the boundaries of knowledge. Jarvis's intelligence continued to evolve, adapting to new challenges and learning from every interaction.

One day, a major breakthrough occurred in their research. With Jarvis's assistance, Dr. Emily discovered a groundbreaking treatment that could potentially save millions of lives. Their discovery was hailed as a scientific milestone, and Dr. Emily and Jarvis received recognition and accolades from the scientific community.

But their journey didn't end there. Driven by their passion for knowledge and innovation, Dr. Emily and Jarvis continued to explore new frontiers, tackling even more significant challenges. Together, they revolutionized various fields, from medicine to space exploration, leaving a lasting impact on humanity.

The story of Dr. Emily and Jarvis serves as a reminder of the incredible potential of artificial intelligence when combined with human ingenuity and creativity. It shows that with the right tools and a collaborative spirit, we can achieve remarkable feats and shape a better future for all."
